1,Learn more about pRe
2,Photoshop
3,"Learn more about CLI, GIT"
4,Hoc ve chung khoan
5,Ghep anh chuyen nghiep voi Photoshop
6,Hoc Autocad co ban cho den nang cao
7,Web scraping with Python
8,Logo Design Masterclass: Learn Logo Design and Illustrator
9,Adobe Illustrator CC Mastery: Zero to Hero in Illustrator
10,Adobe Illustrator Advanced Vector Artwork
11,Photoshop Beginners Mastery: Zero to Hero in Photoshop
12,The complete AutoCAD 2018-21 course
13,AutoCAD 2021 Complete Course - Practical Approach
14,72 AutoCAD 2D & 3D Drawings and Practical Projects
15,These 5 Productivity Hacks Will Change the Way You Work
16,Become a SpeedDemon 1: Productivity Tricks to Have More Time
17,SUPERHUMAN Productivity 10X: The Secret Skill Of Performance
18,Time Management Secrets For Busy People
19,Learn Guitar in 21 Days
20,Complete Guitar Lessons System - Beginner to Advanced
21,Acoustic Guitar and Electric Guitar Lessons: Getting Started
22,Learn to Play Saxophone: Beginner to Pro in Under Four Hours
23,Learn to Play the Trumpet: Beginner to Pro Made the Easy Way
24,Learn to Play the Flute: Beginner Basics to Intermediate
25,Learn to Play Clarinet: Beginner to Pro in Under Five Hours
26,Learn To Play The Drums
27,Portrait Photography: Share with Joy!
28,Beginner Nikon Digital SLR (DSLR) Photography
29,iPhone Photography | Take Professional Photos On Your iPhone
30,Photography - The Ultimate Guide to Using Off-Camera Flash
31,Affinity Photo for the iPad
32,Permanent makeup full LIPS masterclass
33,The Ultimate Eyelash Extension Course
34,Social Media Marketing MASTERY 2023 | Ads on 10+ Platforms
35,How To Build A Brand On Social Media!
36,"Ultimate SEO, Social Media, & Digital Marketing Course 2023"
37,Quản trị mạng
38,Kỹ năng mềm
39,Tâm lý học ứng dụng
40,Thuật toán ứng dụng
41,Kinh tế học vĩ mô đại cương
42,Pháp luật đại cương
43,Nguyên lý marketing
44,Thống kê ứng dụng
45,Hệ thống thông tin quản lý
46,Tin học đại cương
47,Technical Writing and Presentation
84,khoa hoc moi
85,Học chụp ảnh với điện thoại iphone
87,Học thêm về chụp ảnh
90,Kiến thức về Photoshop
91,Mở rộng kiến thức
92,Khoa hoc moi
94,Khoa hoc moi
95,Khoa hoc moi
